NAME,MTHD,ORDR,LLIK_TREE,LLIK_NMIG,DIST,TIME
mallick2016_figS11_1_simplified,treemix-allmigs,100,-6720.84183637,373.113013447,0,0:04.88
mallick2016_figS11_1_simplified,treemix-allmigs,10,-6720.84183637,373.113013447,0,0:05.07
mallick2016_figS11_1_simplified,treemix-allmigs,11,-6720.84183637,373.113013447,0,0:05.00
mallick2016_figS11_1_simplified,treemix-allmigs,12,-6720.84183637,373.113013447,0,0:04.95
mallick2016_figS11_1_simplified,treemix-allmigs,13,-6720.84183637,373.113013447,0,0:04.90
mallick2016_figS11_1_simplified,treemix-allmigs,14,-6720.84183637,373.113013447,0,0:04.92
mallick2016_figS11_1_simplified,treemix-allmigs,15,-6720.84183637,373.113013447,0,0:04.96
mallick2016_figS11_1_simplified,treemix-allmigs,16,-6720.84183637,373.113013447,0,0:05.05
mallick2016_figS11_1_simplified,treemix-allmigs,17,-6720.84183637,373.113013447,0,0:05.02
mallick2016_figS11_1_simplified,treemix-allmigs,18,-6720.84183637,373.113013447,0,0:05.03
mallick2016_figS11_1_simplified,treemix-allmigs,19,-6720.84183637,373.113013447,0,0:05.04
mallick2016_figS11_1_simplified,treemix-allmigs,1,-6720.84183637,373.113013447,0,0:05.34
mallick2016_figS11_1_simplified,treemix-allmigs,20,-6720.84183637,373.113013447,0,0:05.06
mallick2016_figS11_1_simplified,treemix-allmigs,21,-6720.84183637,373.113013447,0,0:04.97
mallick2016_figS11_1_simplified,treemix-allmigs,22,-6720.84183637,373.113013447,0,0:05.03
mallick2016_figS11_1_simplified,treemix-allmigs,23,-6720.84183637,373.113013447,0,0:04.97
mallick2016_figS11_1_simplified,treemix-allmigs,24,-6720.84183637,373.113013447,0,0:05.07
mallick2016_figS11_1_simplified,treemix-allmigs,25,-6720.84183637,373.113013447,0,0:05.02
mallick2016_figS11_1_simplified,treemix-allmigs,26,-6720.84183637,373.113013447,0,0:04.91
mallick2016_figS11_1_simplified,treemix-allmigs,27,-6720.84183637,373.113013447,0,0:05.02
mallick2016_figS11_1_simplified,treemix-allmigs,28,-6720.84183637,373.113013447,0,0:05.01
mallick2016_figS11_1_simplified,treemix-allmigs,29,-6720.84183637,373.113013447,0,0:05.01
mallick2016_figS11_1_simplified,treemix-allmigs,2,-6720.84183637,373.113013447,0,0:05.00
mallick2016_figS11_1_simplified,treemix-allmigs,30,-6720.84183637,373.113013447,0,0:05.20
mallick2016_figS11_1_simplified,treemix-allmigs,31,-6720.84183637,373.113013447,0,0:05.02
mallick2016_figS11_1_simplified,treemix-allmigs,32,-6720.84183637,373.113013447,0,0:04.85
mallick2016_figS11_1_simplified,treemix-allmigs,33,-6720.84183637,373.113013447,0,0:05.00
mallick2016_figS11_1_simplified,treemix-allmigs,34,-6720.84183637,373.113013447,0,0:04.97
mallick2016_figS11_1_simplified,treemix-allmigs,35,-6720.84183637,373.113013447,0,0:05.03
mallick2016_figS11_1_simplified,treemix-allmigs,36,-6720.84183637,373.113013447,0,0:05.06
mallick2016_figS11_1_simplified,treemix-allmigs,37,-6720.84183637,373.113013447,0,0:05.08
mallick2016_figS11_1_simplified,treemix-allmigs,38,-6720.84183637,373.113013447,0,0:05.01
mallick2016_figS11_1_simplified,treemix-allmigs,39,-6720.84183637,373.113013447,0,0:04.96
mallick2016_figS11_1_simplified,treemix-allmigs,3,-6720.84183637,373.113013447,0,0:04.94
mallick2016_figS11_1_simplified,treemix-allmigs,40,-6720.84183637,373.113013447,0,0:04.95
mallick2016_figS11_1_simplified,treemix-allmigs,41,-6720.84183637,373.113013447,0,0:04.98
mallick2016_figS11_1_simplified,treemix-allmigs,42,-6720.84183637,373.113013447,0,0:04.93
mallick2016_figS11_1_simplified,treemix-allmigs,43,-6720.84183637,373.113013447,0,0:04.98
mallick2016_figS11_1_simplified,treemix-allmigs,44,-6720.84183637,373.113013447,0,0:05.01
mallick2016_figS11_1_simplified,treemix-allmigs,45,-6720.84183637,373.113013447,0,0:04.99
mallick2016_figS11_1_simplified,treemix-allmigs,46,-6720.84183637,373.113013447,0,0:05.09
mallick2016_figS11_1_simplified,treemix-allmigs,47,-6720.84183637,373.113013447,0,0:05.06
mallick2016_figS11_1_simplified,treemix-allmigs,48,-6720.84183637,373.113013447,0,0:05.06
mallick2016_figS11_1_simplified,treemix-allmigs,49,-6720.84183637,373.113013447,0,0:05.04
mallick2016_figS11_1_simplified,treemix-allmigs,4,-6720.84183637,373.113013447,0,0:04.87
mallick2016_figS11_1_simplified,treemix-allmigs,50,-6720.84183637,373.113013447,0,0:04.97
mallick2016_figS11_1_simplified,treemix-allmigs,51,-6720.84183637,373.113013447,0,0:05.02
mallick2016_figS11_1_simplified,treemix-allmigs,52,-6720.84183637,373.113013447,0,0:05.05
mallick2016_figS11_1_simplified,treemix-allmigs,53,-6720.84183637,373.113013447,0,0:04.97
mallick2016_figS11_1_simplified,treemix-allmigs,54,-6720.84183637,373.113013447,0,0:05.02
mallick2016_figS11_1_simplified,treemix-allmigs,55,-6720.84183637,373.113013447,0,0:04.98
mallick2016_figS11_1_simplified,treemix-allmigs,56,-6720.84183637,373.113013447,0,0:05.02
mallick2016_figS11_1_simplified,treemix-allmigs,57,-6720.84183637,373.113013447,0,0:05.06
mallick2016_figS11_1_simplified,treemix-allmigs,58,-6720.84183637,373.113013447,0,0:05.00
mallick2016_figS11_1_simplified,treemix-allmigs,59,-6720.84183637,373.113013447,0,0:05.04
mallick2016_figS11_1_simplified,treemix-allmigs,5,-6720.84183637,373.113013447,0,0:04.91
mallick2016_figS11_1_simplified,treemix-allmigs,60,-6720.84183637,373.113013447,0,0:04.98
mallick2016_figS11_1_simplified,treemix-allmigs,61,-6720.84183637,373.113013447,0,0:04.95
mallick2016_figS11_1_simplified,treemix-allmigs,62,-6720.84183637,373.113013447,0,0:04.95
mallick2016_figS11_1_simplified,treemix-allmigs,63,-6720.84183637,373.113013447,0,0:05.03
mallick2016_figS11_1_simplified,treemix-allmigs,64,-6720.84183637,373.113013447,0,0:04.99
mallick2016_figS11_1_simplified,treemix-allmigs,65,-6720.84183637,373.113013447,0,0:05.06
mallick2016_figS11_1_simplified,treemix-allmigs,66,-6720.84183637,373.113013447,0,0:05.00
mallick2016_figS11_1_simplified,treemix-allmigs,67,-6720.84183637,373.113013447,0,0:05.02
mallick2016_figS11_1_simplified,treemix-allmigs,68,-6720.84183637,373.113013447,0,0:05.04
mallick2016_figS11_1_simplified,treemix-allmigs,69,-6720.84183637,373.113013447,0,0:05.07
mallick2016_figS11_1_simplified,treemix-allmigs,6,-6720.84183637,373.113013447,0,0:04.98
mallick2016_figS11_1_simplified,treemix-allmigs,70,-6720.84183637,373.113013447,0,0:04.96
mallick2016_figS11_1_simplified,treemix-allmigs,71,-6720.84183637,373.113013447,0,0:05.06
mallick2016_figS11_1_simplified,treemix-allmigs,72,-6720.84183637,373.113013447,0,0:05.14
mallick2016_figS11_1_simplified,treemix-allmigs,73,-6720.84183637,373.113013447,0,0:04.98
mallick2016_figS11_1_simplified,treemix-allmigs,74,-6720.84183637,373.113013447,0,0:05.02
mallick2016_figS11_1_simplified,treemix-allmigs,75,-6720.84183637,373.113013447,0,0:04.99
mallick2016_figS11_1_simplified,treemix-allmigs,76,-6720.84183637,373.113013447,0,0:04.96
mallick2016_figS11_1_simplified,treemix-allmigs,77,-6720.84183637,373.113013447,0,0:04.97
mallick2016_figS11_1_simplified,treemix-allmigs,78,-6720.84183637,373.113013447,0,0:05.00
mallick2016_figS11_1_simplified,treemix-allmigs,79,-6720.84183637,373.113013447,0,0:05.06
mallick2016_figS11_1_simplified,treemix-allmigs,7,-6720.84183637,373.113013447,0,0:05.00
mallick2016_figS11_1_simplified,treemix-allmigs,80,-6720.84183637,373.113013447,0,0:04.97
mallick2016_figS11_1_simplified,treemix-allmigs,81,-6720.84183637,373.113013447,0,0:05.06
mallick2016_figS11_1_simplified,treemix-allmigs,82,-6720.84183637,373.113013447,0,0:04.99
mallick2016_figS11_1_simplified,treemix-allmigs,83,-6720.84183637,373.113013447,0,0:05.00
mallick2016_figS11_1_simplified,treemix-allmigs,84,-6720.84183637,373.113013447,0,0:04.97
mallick2016_figS11_1_simplified,treemix-allmigs,85,-6720.84183637,373.113013447,0,0:05.03
mallick2016_figS11_1_simplified,treemix-allmigs,86,-6720.84183637,373.113013447,0,0:04.94
mallick2016_figS11_1_simplified,treemix-allmigs,87,-6720.84183637,373.113013447,0,0:04.99
mallick2016_figS11_1_simplified,treemix-allmigs,88,-6720.84183637,373.113013447,0,0:05.01
mallick2016_figS11_1_simplified,treemix-allmigs,89,-6720.84183637,373.113013447,0,0:05.06
mallick2016_figS11_1_simplified,treemix-allmigs,8,-6720.84183637,373.113013447,0,0:04.96
mallick2016_figS11_1_simplified,treemix-allmigs,90,-6720.84183637,373.113013447,0,0:04.98
mallick2016_figS11_1_simplified,treemix-allmigs,91,-6720.84183637,373.113013447,0,0:04.97
mallick2016_figS11_1_simplified,treemix-allmigs,92,-6720.84183637,373.113013447,0,0:04.97
mallick2016_figS11_1_simplified,treemix-allmigs,93,-6720.84183637,373.113013447,0,0:04.98
mallick2016_figS11_1_simplified,treemix-allmigs,94,-6720.84183637,373.113013447,0,0:04.97
mallick2016_figS11_1_simplified,treemix-allmigs,95,-6720.84183637,373.113013447,0,0:05.08
mallick2016_figS11_1_simplified,treemix-allmigs,96,-6720.84183637,373.113013447,0,0:05.03
mallick2016_figS11_1_simplified,treemix-allmigs,97,-6720.84183637,373.113013447,0,0:05.04
mallick2016_figS11_1_simplified,treemix-allmigs,98,-6720.84183637,373.113013447,0,0:05.09
mallick2016_figS11_1_simplified,treemix-allmigs,99,-6720.84183637,373.113013447,0,0:05.03
mallick2016_figS11_1_simplified,treemix-allmigs,9,-6720.84183637,373.113013447,0,0:05.05
mallick2016_figS11_1_simplified,treemix-allmigs-mlno,100,-6720.84183637,373.113013447,0,0:05.00
mallick2016_figS11_1_simplified,treemix-allmigs-mlno,10,-6720.84183637,373.113013447,0,0:05.00
mallick2016_figS11_1_simplified,treemix-allmigs-mlno,11,-6720.84183637,373.113013447,0,0:05.01
mallick2016_figS11_1_simplified,treemix-allmigs-mlno,12,-6720.84183637,373.113013447,0,0:04.97
mallick2016_figS11_1_simplified,treemix-allmigs-mlno,13,-6720.84183637,373.113013447,0,0:05.04
mallick2016_figS11_1_simplified,treemix-allmigs-mlno,14,-6720.84183637,373.113013447,0,0:04.93
mallick2016_figS11_1_simplified,treemix-allmigs-mlno,15,-6720.84183637,373.113013447,0,0:04.90
mallick2016_figS11_1_simplified,treemix-allmigs-mlno,16,-6720.84183637,373.113013447,0,0:05.04
mallick2016_figS11_1_simplified,treemix-allmigs-mlno,17,-6720.84183637,373.113013447,0,0:04.90
mallick2016_figS11_1_simplified,treemix-allmigs-mlno,18,-6720.84183637,373.113013447,0,0:05.00
mallick2016_figS11_1_simplified,treemix-allmigs-mlno,19,-6720.84183637,373.113013447,0,0:05.03
mallick2016_figS11_1_simplified,treemix-allmigs-mlno,1,-6720.84183637,373.113013447,0,0:04.97
mallick2016_figS11_1_simplified,treemix-allmigs-mlno,20,-6720.84183637,373.113013447,0,0:04.94
mallick2016_figS11_1_simplified,treemix-allmigs-mlno,21,-6720.84183637,373.113013447,0,0:04.99
mallick2016_figS11_1_simplified,treemix-allmigs-mlno,22,-6720.84183637,373.113013447,0,0:05.00
mallick2016_figS11_1_simplified,treemix-allmigs-mlno,23,-6720.84183637,373.113013447,0,0:04.97
mallick2016_figS11_1_simplified,treemix-allmigs-mlno,24,-6720.84183637,373.113013447,0,0:05.05
mallick2016_figS11_1_simplified,treemix-allmigs-mlno,25,-6720.84183637,373.113013447,0,0:05.03
mallick2016_figS11_1_simplified,treemix-allmigs-mlno,26,-6720.84183637,373.113013447,0,0:05.05
mallick2016_figS11_1_simplified,treemix-allmigs-mlno,27,-6720.84183637,373.113013447,0,0:04.91
mallick2016_figS11_1_simplified,treemix-allmigs-mlno,28,-6720.84183637,373.113013447,0,0:05.01
mallick2016_figS11_1_simplified,treemix-allmigs-mlno,29,-6720.84183637,373.113013447,0,0:05.03
mallick2016_figS11_1_simplified,treemix-allmigs-mlno,2,-6720.84183637,373.113013447,0,0:05.00
mallick2016_figS11_1_simplified,treemix-allmigs-mlno,30,-6720.84183637,373.113013447,0,0:04.97
mallick2016_figS11_1_simplified,treemix-allmigs-mlno,31,-6720.84183637,373.113013447,0,0:04.98
mallick2016_figS11_1_simplified,treemix-allmigs-mlno,32,-6720.84183637,373.113013447,0,0:04.97
mallick2016_figS11_1_simplified,treemix-allmigs-mlno,33,-6720.84183637,373.113013447,0,0:04.98
mallick2016_figS11_1_simplified,treemix-allmigs-mlno,34,-6720.84183637,373.113013447,0,0:05.04
mallick2016_figS11_1_simplified,treemix-allmigs-mlno,35,-6720.84183637,373.113013447,0,0:05.02
mallick2016_figS11_1_simplified,treemix-allmigs-mlno,36,-6720.84183637,373.113013447,0,0:05.06
mallick2016_figS11_1_simplified,treemix-allmigs-mlno,37,-6720.84183637,373.113013447,0,0:05.11
mallick2016_figS11_1_simplified,treemix-allmigs-mlno,38,-6720.84183637,373.113013447,0,0:05.01
mallick2016_figS11_1_simplified,treemix-allmigs-mlno,39,-6720.84183637,373.113013447,0,0:04.95
mallick2016_figS11_1_simplified,treemix-allmigs-mlno,3,-6720.84183637,373.113013447,0,0:04.99
mallick2016_figS11_1_simplified,treemix-allmigs-mlno,40,-6720.84183637,373.113013447,0,0:05.06
mallick2016_figS11_1_simplified,treemix-allmigs-mlno,41,-6720.84183637,373.113013447,0,0:04.97
mallick2016_figS11_1_simplified,treemix-allmigs-mlno,42,-6720.84183637,373.113013447,0,0:04.95
mallick2016_figS11_1_simplified,treemix-allmigs-mlno,43,-6720.84183637,373.113013447,0,0:04.99
mallick2016_figS11_1_simplified,treemix-allmigs-mlno,44,-6720.84183637,373.113013447,0,0:05.01
mallick2016_figS11_1_simplified,treemix-allmigs-mlno,45,-6720.84183637,373.113013447,0,0:04.97
mallick2016_figS11_1_simplified,treemix-allmigs-mlno,46,-6720.84183637,373.113013447,0,0:05.04
mallick2016_figS11_1_simplified,treemix-allmigs-mlno,47,-6720.84183637,373.113013447,0,0:05.07
mallick2016_figS11_1_simplified,treemix-allmigs-mlno,48,-6720.84183637,373.113013447,0,0:04.96
mallick2016_figS11_1_simplified,treemix-allmigs-mlno,49,-6720.84183637,373.113013447,0,0:05.02
mallick2016_figS11_1_simplified,treemix-allmigs-mlno,4,-6720.84183637,373.113013447,0,0:05.02
mallick2016_figS11_1_simplified,treemix-allmigs-mlno,50,-6720.84183637,373.113013447,0,0:04.85
mallick2016_figS11_1_simplified,treemix-allmigs-mlno,51,-6720.84183637,373.113013447,0,0:04.98
mallick2016_figS11_1_simplified,treemix-allmigs-mlno,52,-6720.84183637,373.113013447,0,0:05.03
mallick2016_figS11_1_simplified,treemix-allmigs-mlno,53,-6720.84183637,373.113013447,0,0:04.98
mallick2016_figS11_1_simplified,treemix-allmigs-mlno,54,-6720.84183637,373.113013447,0,0:05.03
mallick2016_figS11_1_simplified,treemix-allmigs-mlno,55,-6720.84183637,373.113013447,0,0:05.00
mallick2016_figS11_1_simplified,treemix-allmigs-mlno,56,-6720.84183637,373.113013447,0,0:05.03
mallick2016_figS11_1_simplified,treemix-allmigs-mlno,57,-6720.84183637,373.113013447,0,0:05.05
mallick2016_figS11_1_simplified,treemix-allmigs-mlno,58,-6720.84183637,373.113013447,0,0:04.97
mallick2016_figS11_1_simplified,treemix-allmigs-mlno,59,-6720.84183637,373.113013447,0,0:05.06
mallick2016_figS11_1_simplified,treemix-allmigs-mlno,5,-6720.84183637,373.113013447,0,0:05.05
mallick2016_figS11_1_simplified,treemix-allmigs-mlno,60,-6720.84183637,373.113013447,0,0:04.85
mallick2016_figS11_1_simplified,treemix-allmigs-mlno,61,-6720.84183637,373.113013447,0,0:04.95
mallick2016_figS11_1_simplified,treemix-allmigs-mlno,62,-6720.84183637,373.113013447,0,0:04.82
mallick2016_figS11_1_simplified,treemix-allmigs-mlno,63,-6720.84183637,373.113013447,0,0:05.04
mallick2016_figS11_1_simplified,treemix-allmigs-mlno,64,-6720.84183637,373.113013447,0,0:04.98
mallick2016_figS11_1_simplified,treemix-allmigs-mlno,65,-6720.84183637,373.113013447,0,0:05.07
mallick2016_figS11_1_simplified,treemix-allmigs-mlno,66,-6720.84183637,373.113013447,0,0:04.95
mallick2016_figS11_1_simplified,treemix-allmigs-mlno,67,-6720.84183637,373.113013447,0,0:05.03
mallick2016_figS11_1_simplified,treemix-allmigs-mlno,68,-6720.84183637,373.113013447,0,0:04.93
mallick2016_figS11_1_simplified,treemix-allmigs-mlno,69,-6720.84183637,373.113013447,0,0:05.06
mallick2016_figS11_1_simplified,treemix-allmigs-mlno,6,-6720.84183637,373.113013447,0,0:04.98
mallick2016_figS11_1_simplified,treemix-allmigs-mlno,70,-6720.84183637,373.113013447,0,0:04.98
mallick2016_figS11_1_simplified,treemix-allmigs-mlno,71,-6720.84183637,373.113013447,0,0:05.03
mallick2016_figS11_1_simplified,treemix-allmigs-mlno,72,-6720.84183637,373.113013447,0,0:05.00
mallick2016_figS11_1_simplified,treemix-allmigs-mlno,73,-6720.84183637,373.113013447,0,0:04.99
mallick2016_figS11_1_simplified,treemix-allmigs-mlno,74,-6720.84183637,373.113013447,0,0:05.00
mallick2016_figS11_1_simplified,treemix-allmigs-mlno,75,-6720.84183637,373.113013447,0,0:05.00
mallick2016_figS11_1_simplified,treemix-allmigs-mlno,76,-6720.84183637,373.113013447,0,0:04.98
mallick2016_figS11_1_simplified,treemix-allmigs-mlno,77,-6720.84183637,373.113013447,0,0:04.98
mallick2016_figS11_1_simplified,treemix-allmigs-mlno,78,-6720.84183637,373.113013447,0,0:04.98
mallick2016_figS11_1_simplified,treemix-allmigs-mlno,79,-6720.84183637,373.113013447,0,0:05.06
mallick2016_figS11_1_simplified,treemix-allmigs-mlno,7,-6720.84183637,373.113013447,0,0:05.01
mallick2016_figS11_1_simplified,treemix-allmigs-mlno,80,-6720.84183637,373.113013447,0,0:04.97
mallick2016_figS11_1_simplified,treemix-allmigs-mlno,81,-6720.84183637,373.113013447,0,0:05.03
mallick2016_figS11_1_simplified,treemix-allmigs-mlno,82,-6720.84183637,373.113013447,0,0:04.99
mallick2016_figS11_1_simplified,treemix-allmigs-mlno,83,-6720.84183637,373.113013447,0,0:05.00
mallick2016_figS11_1_simplified,treemix-allmigs-mlno,84,-6720.84183637,373.113013447,0,0:04.93
mallick2016_figS11_1_simplified,treemix-allmigs-mlno,85,-6720.84183637,373.113013447,0,0:05.03
mallick2016_figS11_1_simplified,treemix-allmigs-mlno,86,-6720.84183637,373.113013447,0,0:04.98
mallick2016_figS11_1_simplified,treemix-allmigs-mlno,87,-6720.84183637,373.113013447,0,0:04.99
mallick2016_figS11_1_simplified,treemix-allmigs-mlno,88,-6720.84183637,373.113013447,0,0:04.96
mallick2016_figS11_1_simplified,treemix-allmigs-mlno,89,-6720.84183637,373.113013447,0,0:05.02
mallick2016_figS11_1_simplified,treemix-allmigs-mlno,8,-6720.84183637,373.113013447,0,0:04.95
mallick2016_figS11_1_simplified,treemix-allmigs-mlno,90,-6720.84183637,373.113013447,0,0:04.98
mallick2016_figS11_1_simplified,treemix-allmigs-mlno,91,-6720.84183637,373.113013447,0,0:05.02
mallick2016_figS11_1_simplified,treemix-allmigs-mlno,92,-6720.84183637,373.113013447,0,0:04.98
mallick2016_figS11_1_simplified,treemix-allmigs-mlno,93,-6720.84183637,373.113013447,0,0:04.94
mallick2016_figS11_1_simplified,treemix-allmigs-mlno,94,-6720.84183637,373.113013447,0,0:04.99
mallick2016_figS11_1_simplified,treemix-allmigs-mlno,95,-6720.84183637,373.113013447,0,0:04.97
mallick2016_figS11_1_simplified,treemix-allmigs-mlno,96,-6720.84183637,373.113013447,0,0:05.02
mallick2016_figS11_1_simplified,treemix-allmigs-mlno,97,-6720.84183637,373.113013447,0,0:05.05
mallick2016_figS11_1_simplified,treemix-allmigs-mlno,98,-6720.84183637,373.113013447,0,0:05.03
mallick2016_figS11_1_simplified,treemix-allmigs-mlno,99,-6720.84183637,373.113013447,0,0:05.01
mallick2016_figS11_1_simplified,treemix-allmigs-mlno,9,-6720.84183637,373.113013447,0,0:05.00
mallick2016_figS11_1_simplified,treemix,100,-6720.84183637,137.115019871,22,0:01.12
mallick2016_figS11_1_simplified,treemix,10,-6720.84183637,137.115019871,22,0:01.13
mallick2016_figS11_1_simplified,treemix,11,-6720.84183637,137.115019871,22,0:01.13
mallick2016_figS11_1_simplified,treemix,12,-6720.84183637,137.115019871,22,0:01.12
mallick2016_figS11_1_simplified,treemix,13,-6720.84183637,137.115019871,22,0:00.97
mallick2016_figS11_1_simplified,treemix,14,-6720.84183637,137.115019871,22,0:01.13
mallick2016_figS11_1_simplified,treemix,15,-6720.84183637,137.115019871,22,0:01.11
mallick2016_figS11_1_simplified,treemix,16,-6720.84183637,137.115019871,22,0:01.12
mallick2016_figS11_1_simplified,treemix,17,-6720.84183637,137.115019871,22,0:01.15
mallick2016_figS11_1_simplified,treemix,18,-6720.84183637,137.115019871,22,0:01.09
mallick2016_figS11_1_simplified,treemix,19,-6720.84183637,137.115019871,22,0:01.13
mallick2016_figS11_1_simplified,treemix,1,-6720.84183637,137.115019871,22,0:01.10
mallick2016_figS11_1_simplified,treemix,20,-6720.84183637,137.115019871,22,0:01.13
mallick2016_figS11_1_simplified,treemix,21,-6720.84183637,137.115019871,22,0:01.11
mallick2016_figS11_1_simplified,treemix,22,-6720.84183637,137.115019871,22,0:01.13
mallick2016_figS11_1_simplified,treemix,23,-6720.84183637,137.115019871,22,0:01.11
mallick2016_figS11_1_simplified,treemix,24,-6720.84183637,137.115019871,22,0:01.12
mallick2016_figS11_1_simplified,treemix,25,-6720.84183637,137.115019871,22,0:01.12
mallick2016_figS11_1_simplified,treemix,26,-6720.84183637,137.115019871,22,0:01.11
mallick2016_figS11_1_simplified,treemix,27,-6720.84183637,137.115019871,22,0:01.11
mallick2016_figS11_1_simplified,treemix,28,-6720.84183637,137.115019871,22,0:00.99
mallick2016_figS11_1_simplified,treemix,29,-6720.84183637,137.115019871,22,0:01.11
mallick2016_figS11_1_simplified,treemix,2,-6720.84183637,137.115019871,22,0:01.08
mallick2016_figS11_1_simplified,treemix,30,-6720.84183637,137.115019871,22,0:01.11
mallick2016_figS11_1_simplified,treemix,31,-6720.84183637,137.115019871,22,0:01.13
mallick2016_figS11_1_simplified,treemix,32,-6720.84183637,137.115019871,22,0:00.99
mallick2016_figS11_1_simplified,treemix,33,-6720.84183637,137.115019871,22,0:01.12
mallick2016_figS11_1_simplified,treemix,34,-6720.84183637,137.115019871,22,0:01.10
mallick2016_figS11_1_simplified,treemix,35,-6720.84183637,137.115019871,22,0:01.08
mallick2016_figS11_1_simplified,treemix,36,-6720.84183637,137.115019871,22,0:01.13
mallick2016_figS11_1_simplified,treemix,37,-6720.84183637,137.115019871,22,0:01.12
mallick2016_figS11_1_simplified,treemix,38,-6720.84183637,137.115019871,22,0:01.11
mallick2016_figS11_1_simplified,treemix,39,-6720.84183637,137.115019871,22,0:01.09
mallick2016_figS11_1_simplified,treemix,3,-6720.84183637,137.115019871,22,0:01.12
mallick2016_figS11_1_simplified,treemix,40,-6720.84183637,137.115019871,22,0:01.12
mallick2016_figS11_1_simplified,treemix,41,-6720.84183637,137.115019871,22,0:00.98
mallick2016_figS11_1_simplified,treemix,42,-6720.84183637,137.115019871,22,0:01.11
mallick2016_figS11_1_simplified,treemix,43,-6720.84183637,137.115019871,22,0:01.11
mallick2016_figS11_1_simplified,treemix,44,-6720.84183637,137.115019871,22,0:01.12
mallick2016_figS11_1_simplified,treemix,45,-6720.84183637,137.115019871,22,0:01.12
mallick2016_figS11_1_simplified,treemix,46,-6720.84183637,137.115019871,22,0:01.13
mallick2016_figS11_1_simplified,treemix,47,-6720.84183637,137.115019871,22,0:01.10
mallick2016_figS11_1_simplified,treemix,48,-6720.84183637,137.115019871,22,0:01.12
mallick2016_figS11_1_simplified,treemix,49,-6720.84183637,137.115019871,22,0:01.12
mallick2016_figS11_1_simplified,treemix,4,-6720.84183637,137.115019871,22,0:01.12
mallick2016_figS11_1_simplified,treemix,50,-6720.84183637,137.115019871,22,0:01.10
mallick2016_figS11_1_simplified,treemix,51,-6720.84183637,137.115019871,22,0:01.11
mallick2016_figS11_1_simplified,treemix,52,-6720.84183637,137.115019871,22,0:01.10
mallick2016_figS11_1_simplified,treemix,53,-6720.84183637,137.115019871,22,0:01.11
mallick2016_figS11_1_simplified,treemix,54,-6720.84183637,137.115019871,22,0:01.12
mallick2016_figS11_1_simplified,treemix,55,-6720.84183637,137.115019871,22,0:01.10
mallick2016_figS11_1_simplified,treemix,56,-6720.84183637,137.115019871,22,0:01.13
mallick2016_figS11_1_simplified,treemix,57,-6720.84183637,137.115019871,22,0:01.11
mallick2016_figS11_1_simplified,treemix,58,-6720.84183637,137.115019871,22,0:01.08
mallick2016_figS11_1_simplified,treemix,59,-6720.84183637,137.115019871,22,0:00.97
mallick2016_figS11_1_simplified,treemix,5,-6720.84183637,137.115019871,22,0:01.13
mallick2016_figS11_1_simplified,treemix,60,-6720.84183637,137.115019871,22,0:01.11
mallick2016_figS11_1_simplified,treemix,61,-6720.84183637,137.115019871,22,0:01.09
mallick2016_figS11_1_simplified,treemix,62,-6720.84183637,137.115019871,22,0:01.10
mallick2016_figS11_1_simplified,treemix,63,-6720.84183637,137.115019871,22,0:01.13
mallick2016_figS11_1_simplified,treemix,64,-6720.84183637,137.115019871,22,0:01.12
mallick2016_figS11_1_simplified,treemix,65,-6720.84183637,137.115019871,22,0:01.12
mallick2016_figS11_1_simplified,treemix,66,-6720.84183637,137.115019871,22,0:01.10
mallick2016_figS11_1_simplified,treemix,67,-6720.84183637,137.115019871,22,0:01.12
mallick2016_figS11_1_simplified,treemix,68,-6720.84183637,137.115019871,22,0:01.12
mallick2016_figS11_1_simplified,treemix,69,-6720.84183637,137.115019871,22,0:01.13
mallick2016_figS11_1_simplified,treemix,6,-6720.84183637,137.115019871,22,0:01.12
mallick2016_figS11_1_simplified,treemix,70,-6720.84183637,137.115019871,22,0:01.11
mallick2016_figS11_1_simplified,treemix,71,-6720.84183637,137.115019871,22,0:01.12
mallick2016_figS11_1_simplified,treemix,72,-6720.84183637,137.115019871,22,0:01.10
mallick2016_figS11_1_simplified,treemix,73,-6720.84183637,137.115019871,22,0:01.12
mallick2016_figS11_1_simplified,treemix,74,-6720.84183637,137.115019871,22,0:01.12
mallick2016_figS11_1_simplified,treemix,75,-6720.84183637,137.115019871,22,0:01.11
mallick2016_figS11_1_simplified,treemix,76,-6720.84183637,137.115019871,22,0:01.09
mallick2016_figS11_1_simplified,treemix,77,-6720.84183637,137.115019871,22,0:01.12
mallick2016_figS11_1_simplified,treemix,78,-6720.84183637,137.115019871,22,0:01.11
mallick2016_figS11_1_simplified,treemix,79,-6720.84183637,137.115019871,22,0:01.12
mallick2016_figS11_1_simplified,treemix,7,-6720.84183637,137.115019871,22,0:01.12
mallick2016_figS11_1_simplified,treemix,80,-6720.84183637,137.115019871,22,0:01.12
mallick2016_figS11_1_simplified,treemix,81,-6720.84183637,137.115019871,22,0:01.12
mallick2016_figS11_1_simplified,treemix,82,-6720.84183637,137.115019871,22,0:01.12
mallick2016_figS11_1_simplified,treemix,83,-6720.84183637,137.115019871,22,0:01.12
mallick2016_figS11_1_simplified,treemix,84,-6720.84183637,137.115019871,22,0:01.11
mallick2016_figS11_1_simplified,treemix,85,-6720.84183637,137.115019871,22,0:01.13
mallick2016_figS11_1_simplified,treemix,86,-6720.84183637,137.115019871,22,0:01.10
mallick2016_figS11_1_simplified,treemix,87,-6720.84183637,137.115019871,22,0:01.12
mallick2016_figS11_1_simplified,treemix,88,-6720.84183637,137.115019871,22,0:01.12
mallick2016_figS11_1_simplified,treemix,89,-6720.84183637,137.115019871,22,0:01.13
mallick2016_figS11_1_simplified,treemix,8,-6720.84183637,137.115019871,22,0:01.11
mallick2016_figS11_1_simplified,treemix,90,-6720.84183637,137.115019871,22,0:01.12
mallick2016_figS11_1_simplified,treemix,91,-6720.84183637,137.115019871,22,0:01.12
mallick2016_figS11_1_simplified,treemix,92,-6720.84183637,137.115019871,22,0:01.11
mallick2016_figS11_1_simplified,treemix,93,-6720.84183637,137.115019871,22,0:01.12
mallick2016_figS11_1_simplified,treemix,94,-6720.84183637,137.115019871,22,0:01.13
mallick2016_figS11_1_simplified,treemix,95,-6720.84183637,137.115019871,22,0:01.12
mallick2016_figS11_1_simplified,treemix,96,-6720.84183637,137.115019871,22,0:00.99
mallick2016_figS11_1_simplified,treemix,97,-6720.84183637,137.115019871,22,0:01.12
mallick2016_figS11_1_simplified,treemix,98,-6720.84183637,137.115019871,22,0:01.12
mallick2016_figS11_1_simplified,treemix,99,-6720.84183637,137.115019871,22,0:01.06
mallick2016_figS11_1_simplified,treemix,9,-6720.84183637,137.115019871,22,0:01.11
mallick2016_figS11_1_simplified,treemix-mlno,100,-6720.84183637,137.118283191,14,0:07.18
mallick2016_figS11_1_simplified,treemix-mlno,10,-6720.84183637,137.119079302,14,0:07.53
mallick2016_figS11_1_simplified,treemix-mlno,11,-6720.84183637,137.119079298,14,0:07.81
mallick2016_figS11_1_simplified,treemix-mlno,12,-6720.84183637,137.119079306,14,0:07.37
mallick2016_figS11_1_simplified,treemix-mlno,13,-6720.84183637,137.119079306,14,0:07.27
mallick2016_figS11_1_simplified,treemix-mlno,14,-6720.84183637,137.118298083,14,0:07.16
mallick2016_figS11_1_simplified,treemix-mlno,15,-6720.84183637,137.119079306,14,0:07.18
mallick2016_figS11_1_simplified,treemix-mlno,16,-6720.84183637,137.101034779,14,0:07.34
mallick2016_figS11_1_simplified,treemix-mlno,17,-6720.84183637,137.118294796,14,0:07.40
mallick2016_figS11_1_simplified,treemix-mlno,18,-6720.84183637,137.119079299,14,0:07.57
mallick2016_figS11_1_simplified,treemix-mlno,19,-6720.84183637,137.118273886,14,0:07.43
mallick2016_figS11_1_simplified,treemix-mlno,1,-6720.84183637,137.119079298,14,0:07.27
mallick2016_figS11_1_simplified,treemix-mlno,20,-6720.84183637,137.115882724,14,0:07.61
mallick2016_figS11_1_simplified,treemix-mlno,21,-6720.84183637,137.119079292,14,0:07.47
mallick2016_figS11_1_simplified,treemix-mlno,22,-6720.84183637,137.119079306,14,0:07.12
mallick2016_figS11_1_simplified,treemix-mlno,23,-6720.84183637,137.119079306,14,0:07.29
mallick2016_figS11_1_simplified,treemix-mlno,24,-6720.84183637,137.118295781,14,0:07.24
mallick2016_figS11_1_simplified,treemix-mlno,25,-6720.84183637,137.118291778,14,0:07.40
mallick2016_figS11_1_simplified,treemix-mlno,26,-6720.84183637,137.118287839,14,0:07.34
mallick2016_figS11_1_simplified,treemix-mlno,27,-6720.84183637,137.115882698,14,0:07.32
mallick2016_figS11_1_simplified,treemix-mlno,28,-6720.84183637,137.118282805,14,0:07.73
mallick2016_figS11_1_simplified,treemix-mlno,29,-6720.84183637,137.118282544,14,0:07.42
mallick2016_figS11_1_simplified,treemix-mlno,2,-6720.84183637,137.115882712,14,0:07.42
mallick2016_figS11_1_simplified,treemix-mlno,30,-6720.84183637,137.118273275,14,0:07.08
mallick2016_figS11_1_simplified,treemix-mlno,31,-6720.84183637,137.119079306,14,0:07.48
mallick2016_figS11_1_simplified,treemix-mlno,32,-6720.84183637,137.118289225,14,0:07.41
mallick2016_figS11_1_simplified,treemix-mlno,33,-6720.84183637,137.118286598,14,0:07.35
mallick2016_figS11_1_simplified,treemix-mlno,34,-6720.84183637,137.119079298,14,0:07.23
mallick2016_figS11_1_simplified,treemix-mlno,35,-6720.84183637,137.118276132,14,0:07.08
mallick2016_figS11_1_simplified,treemix-mlno,36,-6720.84183637,137.119079306,14,0:07.37
mallick2016_figS11_1_simplified,treemix-mlno,37,-6720.84183637,137.119079306,14,0:07.45
mallick2016_figS11_1_simplified,treemix-mlno,38,-6720.84183637,137.118275297,14,0:07.33
mallick2016_figS11_1_simplified,treemix-mlno,39,-6720.84183637,137.119079306,14,0:07.24
mallick2016_figS11_1_simplified,treemix-mlno,3,-6720.84183637,137.119079306,14,0:07.76
mallick2016_figS11_1_simplified,treemix-mlno,40,-6720.84183637,137.119079306,14,0:07.89
mallick2016_figS11_1_simplified,treemix-mlno,41,-6720.84183637,137.119079299,14,0:07.96
mallick2016_figS11_1_simplified,treemix-mlno,42,-6720.84183637,137.118280451,14,0:07.17
mallick2016_figS11_1_simplified,treemix-mlno,43,-6720.84183637,137.119079299,14,0:07.24
mallick2016_figS11_1_simplified,treemix-mlno,44,-6720.84183637,137.119079285,14,0:07.43
mallick2016_figS11_1_simplified,treemix-mlno,45,-6720.84183637,137.119079306,14,0:07.41
mallick2016_figS11_1_simplified,treemix-mlno,46,-6720.84183637,137.115882733,14,0:07.36
mallick2016_figS11_1_simplified,treemix-mlno,47,-6720.84183637,137.115882683,14,0:07.12
mallick2016_figS11_1_simplified,treemix-mlno,48,-6720.84183637,137.119079301,14,0:07.52
mallick2016_figS11_1_simplified,treemix-mlno,49,-6720.84183637,137.119079302,14,0:07.31
mallick2016_figS11_1_simplified,treemix-mlno,4,-6720.84183637,137.119079306,14,0:07.22
mallick2016_figS11_1_simplified,treemix-mlno,50,-6720.84183637,137.119079302,14,0:07.30
mallick2016_figS11_1_simplified,treemix-mlno,51,-6720.84183637,137.118283941,14,0:07.79
mallick2016_figS11_1_simplified,treemix-mlno,52,-6720.84183637,137.119079304,14,0:07.48
mallick2016_figS11_1_simplified,treemix-mlno,53,-6720.84183637,137.119079306,14,0:07.41
mallick2016_figS11_1_simplified,treemix-mlno,54,-6720.84183637,137.119079297,14,0:07.37
mallick2016_figS11_1_simplified,treemix-mlno,55,-6720.84183637,137.119079306,14,0:07.50
mallick2016_figS11_1_simplified,treemix-mlno,56,-6720.84183637,137.119079282,14,0:07.72
mallick2016_figS11_1_simplified,treemix-mlno,57,-6720.84183637,137.119079294,14,0:07.41
mallick2016_figS11_1_simplified,treemix-mlno,58,-6720.84183637,137.118293758,14,0:07.76
mallick2016_figS11_1_simplified,treemix-mlno,59,-6720.84183637,137.118282489,14,0:07.32
mallick2016_figS11_1_simplified,treemix-mlno,5,-6720.84183637,137.118275296,14,0:07.22
mallick2016_figS11_1_simplified,treemix-mlno,60,-6720.84183637,137.1182857,14,0:07.05
mallick2016_figS11_1_simplified,treemix-mlno,61,-6720.84183637,137.118283216,14,0:07.39
mallick2016_figS11_1_simplified,treemix-mlno,62,-6720.84183637,-168.358863315,14,0:07.06
mallick2016_figS11_1_simplified,treemix-mlno,63,-6720.84183637,137.115882712,14,0:07.30
mallick2016_figS11_1_simplified,treemix-mlno,64,-6720.84183637,137.118274214,14,0:07.89
mallick2016_figS11_1_simplified,treemix-mlno,65,-6720.84183637,137.119079306,14,0:07.77
mallick2016_figS11_1_simplified,treemix-mlno,66,-6720.84183637,137.119079296,14,0:07.38
mallick2016_figS11_1_simplified,treemix-mlno,67,-6720.84183637,137.118274549,14,0:07.68
mallick2016_figS11_1_simplified,treemix-mlno,68,-6720.84183637,137.118276851,14,0:07.47
mallick2016_figS11_1_simplified,treemix-mlno,69,-6720.84183637,137.115882779,14,0:07.48
mallick2016_figS11_1_simplified,treemix-mlno,6,-6720.84183637,137.118286084,14,0:07.21
mallick2016_figS11_1_simplified,treemix-mlno,70,-6720.84183637,137.115854556,14,0:07.28
mallick2016_figS11_1_simplified,treemix-mlno,71,-6720.84183637,137.119079299,14,0:07.27
mallick2016_figS11_1_simplified,treemix-mlno,72,-6720.84183637,137.119079291,14,0:07.51
mallick2016_figS11_1_simplified,treemix-mlno,73,-6720.84183637,137.11828093,14,0:07.49
mallick2016_figS11_1_simplified,treemix-mlno,74,-6720.84183637,137.118275297,14,0:07.46
mallick2016_figS11_1_simplified,treemix-mlno,75,-6720.84183637,137.11827664,14,0:07.92
mallick2016_figS11_1_simplified,treemix-mlno,76,-6720.84183637,137.119079306,14,0:07.39
mallick2016_figS11_1_simplified,treemix-mlno,77,-6720.84183637,137.118284597,14,0:07.41
mallick2016_figS11_1_simplified,treemix-mlno,78,-6720.84183637,137.119079299,14,0:07.19
mallick2016_figS11_1_simplified,treemix-mlno,79,-6720.84183637,137.115882778,14,0:07.51
mallick2016_figS11_1_simplified,treemix-mlno,7,-6720.84183637,137.118274224,14,0:07.40
mallick2016_figS11_1_simplified,treemix-mlno,80,-6720.84183637,137.11830497,14,0:07.34
mallick2016_figS11_1_simplified,treemix-mlno,81,-6720.84183637,137.119079306,14,0:07.52
mallick2016_figS11_1_simplified,treemix-mlno,82,-6720.84183637,136.294928352,14,0:07.38
mallick2016_figS11_1_simplified,treemix-mlno,83,-6720.84183637,137.119079284,14,0:07.31
mallick2016_figS11_1_simplified,treemix-mlno,84,-6720.84183637,137.119079306,14,0:07.17
mallick2016_figS11_1_simplified,treemix-mlno,85,-6720.84183637,137.119079306,14,0:07.35
mallick2016_figS11_1_simplified,treemix-mlno,86,-6720.84183637,137.119079295,14,0:07.67
mallick2016_figS11_1_simplified,treemix-mlno,87,-6720.84183637,137.119079298,14,0:07.31
mallick2016_figS11_1_simplified,treemix-mlno,88,-6720.84183637,137.118275362,14,0:07.27
mallick2016_figS11_1_simplified,treemix-mlno,89,-6720.84183637,137.119079306,14,0:07.25
mallick2016_figS11_1_simplified,treemix-mlno,8,-6720.84183637,137.119079288,14,0:07.15
mallick2016_figS11_1_simplified,treemix-mlno,90,-6720.84183637,137.118282869,14,0:07.37
mallick2016_figS11_1_simplified,treemix-mlno,91,-6720.84183637,137.119079303,14,0:07.56
mallick2016_figS11_1_simplified,treemix-mlno,92,-6720.84183637,137.119079287,14,0:07.79
mallick2016_figS11_1_simplified,treemix-mlno,93,-6720.84183637,137.119079287,14,0:07.64
mallick2016_figS11_1_simplified,treemix-mlno,94,-6720.84183637,137.119079306,14,0:07.39
mallick2016_figS11_1_simplified,treemix-mlno,95,-6720.84183637,137.119079306,14,0:07.10
mallick2016_figS11_1_simplified,treemix-mlno,96,-6720.84183637,137.119079306,14,0:07.59
mallick2016_figS11_1_simplified,treemix-mlno,97,-6720.84183637,137.115882712,14,0:07.35
mallick2016_figS11_1_simplified,treemix-mlno,98,-6720.84183637,137.119079293,14,0:07.63
mallick2016_figS11_1_simplified,treemix-mlno,99,-6720.84183637,137.119079307,14,0:07.54
mallick2016_figS11_1_simplified,treemix-mlno,9,-6720.84183637,137.115882739,14,0:07.27
